"Var1","Var2","Freq"
"hefet","hepawfe",0.874279931802118
"hekne","hepawkn",0.873407919766267
"hehip","hepawhi",0.862510737901662
"hebck","hepawba",0.853202299220338
